{
  "type" : "customer",
  "meta": {
    "firstname": "Mahesh",
    "lastname": "Pandey",
    "dob": "20/Aug/1990",
    "contact":{
      "email": "mahesh.pandey@gmail.com",
      "phone":{
        "landLine":"02 1548 225",
        "mobile": "0411111111"
      },
      "address":[
        {
          "type":"Residential",
          "street": "26 Parramatta Road",
          "unit": "108",
          "city": "Sydney",
          "state":"NSW",
          "country":"AU",
          "zip":"1749"
        },
        {
          "type":"Office",
          "street": "250 George Street",
          "unit": "108",
          "city": "Sydney",
          "State":"NSW",
          "country":"AU",
          "zip":"2000"
        }
      ]
    }
  }
}
